<?xml version="1.0" encoding="UTF-8"?>
<metadata xml:lang="id"><Esri><CreaDate>20241031</CreaDate><CreaTime>17304800</CreaTime><SyncOnce>FALSE</SyncOnce><DataProperties><itemProps><itemName Sync="TRUE">Bigesetetetes_Clip</itemName><imsContentType Sync="TRUE">002</imsContentType><itemLocation><linkage Sync="TRUE">file://\\DINDAAA\Users\acoco\OneDrive\Documents\ArcGIS\Default.gdb</linkage><protocol Sync="TRUE">Local Area Network</protocol></itemLocation><itemSize Sync="TRUE">0.000</itemSize></itemProps><coordRef><type Sync="TRUE">Geographic</type><geogcsn Sync="TRUE">GCS_WGS_1984</geogcsn><csUnits Sync="TRUE">Angular Unit: Degree (0.017453)</csUnits><peXml Sync="TRUE">&lt;GeographicCoordinateSystem xsi:type='typens:GeographicCoordinateSystem' xmlns:xsi='http://www.w3.org/2001/XMLSchema-instance' xmlns:xs='http://www.w3.org/2001/XMLSchema' xmlns:typens='http://www.esri.com/schemas/ArcGIS/10.7'&gt;&lt;WKT&gt;GEOGCS[&amp;quot;GCS_WGS_1984&amp;quot;,DATUM[&amp;quot;D_WGS_1984&amp;quot;,SPHEROID[&amp;quot;WGS_1984&amp;quot;,6378137.0,298.257223563]],PRIMEM[&amp;quot;Greenwich&amp;quot;,0.0],UNIT[&amp;quot;Degree&amp;quot;,0.0174532925199433]],VERTCS[&amp;quot;EGM2008_Geoid&amp;quot;,VDATUM[&amp;quot;EGM2008_Geoid&amp;quot;],PARAMETER[&amp;quot;Vertical_Shift&amp;quot;,0.0],PARAMETER[&amp;quot;Direction&amp;quot;,1.0],UNIT[&amp;quot;Meter&amp;quot;,1.0]]&lt;/WKT&gt;&lt;XOrigin&gt;-400&lt;/XOrigin&gt;&lt;YOrigin&gt;-400&lt;/YOrigin&gt;&lt;XYScale&gt;1111948722.2222221&lt;/XYScale&gt;&lt;ZOrigin&gt;-100000&lt;/ZOrigin&gt;&lt;ZScale&gt;10000&lt;/ZScale&gt;&lt;MOrigin&gt;-100000&lt;/MOrigin&gt;&lt;MScale&gt;10000&lt;/MScale&gt;&lt;XYTolerance&gt;8.983152841195215e-09&lt;/XYTolerance&gt;&lt;ZTolerance&gt;0.001&lt;/ZTolerance&gt;&lt;MTolerance&gt;0.001&lt;/MTolerance&gt;&lt;HighPrecision&gt;true&lt;/HighPrecision&gt;&lt;LeftLongitude&gt;-180&lt;/LeftLongitude&gt;&lt;WKID&gt;4326&lt;/WKID&gt;&lt;LatestWKID&gt;4326&lt;/LatestWKID&gt;&lt;VCSWKID&gt;105790&lt;/VCSWKID&gt;&lt;LatestVCSWKID&gt;3855&lt;/LatestVCSWKID&gt;&lt;/GeographicCoordinateSystem&gt;</peXml></coordRef><lineage><Process ToolSource="c:\program files (x86)\arcgis\desktop10.5\ArcToolbox\Toolboxes\Analysis Tools.tbx\Clip" Date="20180301" Time="091203">Clip D:/Data/RBI_2017/RBI50K_SULAWESI_2017.gdb\RAWA_AR_50K in_memory\fA9C412BC_079C_4798_BBC8_129C071D4DE3 "D:\Data\Clip_RBI\SULAWESI UTARA\KOTA TOMOHON\50K\RAWA_AR_50K.shp" #</Process><Process ToolSource="c:\program files (x86)\arcgis\desktop10.8\ArcToolbox\Toolboxes\Data Management Tools.tbx\Merge" Date="20241014" Time="181454">Merge RAWA_AR_50K;EMPANG_AR_50K;DANAU_AR_50K;AGRISAWAH_AR_50K;AGRILADANG_AR_50K;AGRIKEBUN_AR_50K;NONAGRISEMAKBELUKAR_AR_50K;NONAGRIHUTANKERING_AR_50K;NONAGRIALANG_AR_50K;PEMUKIMAN_AR_50K;PEMERINTAHAN_AR_50K "C:\Users\acoco\OneDrive\Documents\DATA WOLOAN DUA_WOLOAN SATU UTARA\Data\Bigesetetetes.shp" "NAMOBJ "NAMOBJ" true true false 50 Text 0 0 ,First,#,RAWA_AR_50K,NAMOBJ,-1,-1,EMPANG_AR_50K,NAMOBJ,-1,-1,DANAU_AR_50K,NAMOBJ,-1,-1,AGRISAWAH_AR_50K,NAMOBJ,-1,-1,AGRILADANG_AR_50K,NAMOBJ,-1,-1,AGRIKEBUN_AR_50K,NAMOBJ,-1,-1,NONAGRISEMAKBELUKAR_AR_50K,NAMOBJ,-1,-1,NONAGRIHUTANKERING_AR_50K,NAMOBJ,-1,-1,NONAGRIALANG_AR_50K,NAMOBJ,-1,-1,PEMUKIMAN_AR_50K,NAMOBJ,-1,-1,PEMERINTAHAN_AR_50K,NAMOBJ,-1,-1;FCODE "FCODE" true true false 50 Text 0 0 ,First,#,RAWA_AR_50K,FCODE,-1,-1,EMPANG_AR_50K,FCODE,-1,-1,DANAU_AR_50K,FCODE,-1,-1,AGRISAWAH_AR_50K,FCODE,-1,-1,AGRILADANG_AR_50K,FCODE,-1,-1,AGRIKEBUN_AR_50K,FCODE,-1,-1,NONAGRISEMAKBELUKAR_AR_50K,FCODE,-1,-1,NONAGRIHUTANKERING_AR_50K,FCODE,-1,-1,NONAGRIALANG_AR_50K,FCODE,-1,-1,PEMUKIMAN_AR_50K,FCODE,-1,-1,PEMERINTAHAN_AR_50K,FCODE,-1,-1;REMARK "REMARK" true true false 250 Text 0 0 ,First,#,RAWA_AR_50K,REMARK,-1,-1,EMPANG_AR_50K,REMARK,-1,-1,DANAU_AR_50K,REMARK,-1,-1,AGRISAWAH_AR_50K,REMARK,-1,-1,AGRILADANG_AR_50K,REMARK,-1,-1,AGRIKEBUN_AR_50K,REMARK,-1,-1,NONAGRISEMAKBELUKAR_AR_50K,REMARK,-1,-1,NONAGRIHUTANKERING_AR_50K,REMARK,-1,-1,NONAGRIALANG_AR_50K,REMARK,-1,-1,PEMUKIMAN_AR_50K,REMARK,-1,-1,PEMERINTAHAN_AR_50K,REMARK,-1,-1;KODLCO "KODLCO" true true false 20 Text 0 0 ,First,#,RAWA_AR_50K,KODLCO,-1,-1,DANAU_AR_50K,KODLCO,-1,-1,AGRISAWAH_AR_50K,KODLCO,-1,-1,AGRILADANG_AR_50K,KODLCO,-1,-1,AGRIKEBUN_AR_50K,KODLCO,-1,-1,NONAGRISEMAKBELUKAR_AR_50K,KODLCO,-1,-1,NONAGRIHUTANKERING_AR_50K,KODLCO,-1,-1;SRS_ID "SRS_ID" true true false 50 Text 0 0 ,First,#,RAWA_AR_50K,SRS_ID,-1,-1,EMPANG_AR_50K,SRS_ID,-1,-1,DANAU_AR_50K,SRS_ID,-1,-1,AGRISAWAH_AR_50K,SRS_ID,-1,-1,AGRILADANG_AR_50K,SRS_ID,-1,-1,AGRIKEBUN_AR_50K,SRS_ID,-1,-1,NONAGRISEMAKBELUKAR_AR_50K,SRS_ID,-1,-1,NONAGRIHUTANKERING_AR_50K,SRS_ID,-1,-1,NONAGRIALANG_AR_50K,SRS_ID,-1,-1,PEMUKIMAN_AR_50K,SRS_ID,-1,-1,PEMERINTAHAN_AR_50K,SRS_ID,-1,-1;LCODE "LCODE" true true false 50 Text 0 0 ,First,#,RAWA_AR_50K,LCODE,-1,-1,EMPANG_AR_50K,LCODE,-1,-1,DANAU_AR_50K,LCODE,-1,-1,AGRISAWAH_AR_50K,LCODE,-1,-1,AGRILADANG_AR_50K,LCODE,-1,-1,AGRIKEBUN_AR_50K,LCODE,-1,-1,NONAGRISEMAKBELUKAR_AR_50K,LCODE,-1,-1,NONAGRIHUTANKERING_AR_50K,LCODE,-1,-1,NONAGRIALANG_AR_50K,LCODE,-1,-1,PEMUKIMAN_AR_50K,LCODE,-1,-1,PEMERINTAHAN_AR_50K,LCODE,-1,-1;METADATA "METADATA" true true false 50 Text 0 0 ,First,#,RAWA_AR_50K,METADATA,-1,-1,EMPANG_AR_50K,METADATA,-1,-1,DANAU_AR_50K,METADATA,-1,-1,AGRISAWAH_AR_50K,METADATA,-1,-1,AGRILADANG_AR_50K,METADATA,-1,-1,AGRIKEBUN_AR_50K,METADATA,-1,-1,NONAGRISEMAKBELUKAR_AR_50K,METADATA,-1,-1,NONAGRIHUTANKERING_AR_50K,METADATA,-1,-1,NONAGRIALANG_AR_50K,METADATA,-1,-1,PEMUKIMAN_AR_50K,METADATA,-1,-1,PEMERINTAHAN_AR_50K,METADATA,-1,-1;TPRAWA "TPRAWA" true true false 10 Long 0 10 ,First,#,RAWA_AR_50K,TPRAWA,-1,-1;TPGNGN "TPGNGN" true true false 10 Long 0 10 ,First,#,RAWA_AR_50K,TPGNGN,-1,-1;TPAIR "TPAIR" true true false 10 Long 0 10 ,First,#,RAWA_AR_50K,TPAIR,-1,-1;SHAPE_Leng "SHAPE_Leng" true true false 19 Double 0 0 ,First,#,RAWA_AR_50K,SHAPE_Leng,-1,-1,EMPANG_AR_50K,SHAPE_Leng,-1,-1,DANAU_AR_50K,SHAPE_Leng,-1,-1,AGRISAWAH_AR_50K,SHAPE_Leng,-1,-1,AGRILADANG_AR_50K,SHAPE_Leng,-1,-1,AGRIKEBUN_AR_50K,SHAPE_Leng,-1,-1,NONAGRISEMAKBELUKAR_AR_50K,SHAPE_Leng,-1,-1,NONAGRIHUTANKERING_AR_50K,SHAPE_Leng,-1,-1,NONAGRIALANG_AR_50K,SHAPE_Leng,-1,-1,PEMUKIMAN_AR_50K,SHAPE_Leng,-1,-1,PEMERINTAHAN_AR_50K,SHAPE_Leng,-1,-1;SHAPE_Area "SHAPE_Area" true true false 19 Double 0 0 ,First,#,RAWA_AR_50K,SHAPE_Area,-1,-1,EMPANG_AR_50K,SHAPE_Area,-1,-1,DANAU_AR_50K,SHAPE_Area,-1,-1,AGRISAWAH_AR_50K,SHAPE_Area,-1,-1,AGRILADANG_AR_50K,SHAPE_Area,-1,-1,AGRIKEBUN_AR_50K,SHAPE_Area,-1,-1,NONAGRISEMAKBELUKAR_AR_50K,SHAPE_Area,-1,-1,NONAGRIHUTANKERING_AR_50K,SHAPE_Area,-1,-1,NONAGRIALANG_AR_50K,SHAPE_Area,-1,-1,PEMUKIMAN_AR_50K,SHAPE_Area,-1,-1,PEMERINTAHAN_AR_50K,SHAPE_Area,-1,-1;OTODAN "OTODAN" true true false 10 Long 0 10 ,First,#,DANAU_AR_50K,OTODAN,-1,-1;VOLTAP "VOLTAP" true true false 19 Double 0 0 ,First,#,DANAU_AR_50K,VOLTAP,-1,-1;DTA "DTA" true true false 19 Double 0 0 ,First,#,DANAU_AR_50K,DTA,-1,-1;SEDIMN "SEDIMN" true true false 10 Long 0 10 ,First,#,DANAU_AR_50K,SEDIMN,-1,-1;VLCSDN "VLCSDN" true true false 19 Double 0 0 ,First,#,DANAU_AR_50K,VLCSDN,-1,-1;QUAAR "QUAAR" true true false 10 Long 0 10 ,First,#,DANAU_AR_50K,QUAAR,-1,-1;CRH "CRH" true true false 19 Double 0 0 ,First,#,DANAU_AR_50K,CRH,-1,-1;KPTS "KPTS" true true false 19 Double 0 0 ,First,#,DANAU_AR_50K,KPTS,-1,-1;NAMWS "NAMWS" true true false 50 Text 0 0 ,First,#,DANAU_AR_50K,NAMWS,-1,-1;NAMDAS "NAMDAS" true true false 50 Text 0 0 ,First,#,DANAU_AR_50K,NAMDAS,-1,-1;LOKASI "LOKASI" true true false 50 Text 0 0 ,First,#,DANAU_AR_50K,LOKASI,-1,-1;JNSSWH "JNSSWH" true true false 10 Long 0 10 ,First,#,AGRISAWAH_AR_50K,JNSSWH,-1,-1;AQDATE "AQDATE" true true false 8 Date 0 0 ,First,#,AGRISAWAH_AR_50K,AQDATE,-1,-1,AGRILADANG_AR_50K,AQDATE,-1,-1,AGRIKEBUN_AR_50K,AQDATE,-1,-1,NONAGRISEMAKBELUKAR_AR_50K,AQDATE,-1,-1,NONAGRIHUTANKERING_AR_50K,AQDATE,-1,-1,NONAGRIALANG_AR_50K,AQDATE,-1,-1;PUDATE "PUDATE" true true false 8 Date 0 0 ,First,#,AGRISAWAH_AR_50K,PUDATE,-1,-1,AGRILADANG_AR_50K,PUDATE,-1,-1,AGRIKEBUN_AR_50K,PUDATE,-1,-1,NONAGRISEMAKBELUKAR_AR_50K,PUDATE,-1,-1,NONAGRIHUTANKERING_AR_50K,PUDATE,-1,-1,NONAGRIALANG_AR_50K,PUDATE,-1,-1;TNMSWH "TNMSWH" true true false 10 Long 0 10 ,First,#,AGRISAWAH_AR_50K,TNMSWH,-1,-1;JNSLDG "JNSLDG" true true false 10 Long 0 10 ,First,#,AGRILADANG_AR_50K,JNSLDG,-1,-1;TNMLDG "TNMLDG" true true false 10 Long 0 10 ,First,#,AGRILADANG_AR_50K,TNMLDG,-1,-1;TIPLDG "TIPLDG" true true false 10 Long 0 10 ,First,#,AGRILADANG_AR_50K,TIPLDG,-1,-1;JNSKBN "JNSKBN" true true false 10 Long 0 10 ,First,#,AGRIKEBUN_AR_50K,JNSKBN,-1,-1;JNSSMK "JNSSMK" true true false 10 Long 0 10 ,First,#,NONAGRISEMAKBELUKAR_AR_50K,JNSSMK,-1,-1;JNSPHN "JNSPHN" true true false 10 Long 0 10 ,First,#,NONAGRIHUTANKERING_AR_50K,JNSPHN,-1,-1;JNSHTN "JNSHTN" true true false 10 Long 0 10 ,First,#,NONAGRIHUTANKERING_AR_50K,JNSHTN,-1,-1;KRPPHN "KRPPHN" true true false 10 Long 0 10 ,First,#,NONAGRIHUTANKERING_AR_50K,KRPPHN,-1,-1;KLSLCO "KLSLCO" true true false 10 Long 0 10 ,First,#,NONAGRIHUTANKERING_AR_50K,KLSLCO,-1,-1;TKTHTN "TKTHTN" true true false 10 Long 0 10 ,First,#,NONAGRIHUTANKERING_AR_50K,TKTHTN,-1,-1;TIPHTN "TIPHTN" true true false 10 Long 0 10 ,First,#,NONAGRIHUTANKERING_AR_50K,TIPHTN,-1,-1;KLSRMP "KLSRMP" true true false 10 Long 0 10 ,First,#,NONAGRIALANG_AR_50K,KLSRMP,-1,-1;KODATC "KODATC" true true false 50 Text 0 0 ,First,#,NONAGRIALANG_AR_50K,KODATC,-1,-1;JNSPDG "JNSPDG" true true false 10 Long 0 10 ,First,#,NONAGRIALANG_AR_50K,JNSPDG,-1,-1;FGSGOV "FGSGOV" true true false 10 Long 0 10 ,First,#,PEMERINTAHAN_AR_50K,FGSGOV,-1,-1"</Process><Process ToolSource="c:\program files (x86)\arcgis\desktop10.8\ArcToolbox\Toolboxes\Analysis Tools.tbx\Clip" Date="20241014" Time="181720">Clip Bigesetetetes WOLOAN_SATU_UTARA_ADM C:\Users\acoco\OneDrive\Documents\ArcGIS\Default.gdb\Bigesetetetes_Clip #</Process></lineage></DataProperties><SyncDate>20241014</SyncDate><SyncTime>18171600</SyncTime><ModDate>20241014</ModDate><ModTime>18171600</ModTime><ArcGISFormat>1.0</ArcGISFormat><scaleRange><minScale>150000000</minScale><maxScale>5000</maxScale></scaleRange><ArcGISProfile>ItemDescription</ArcGISProfile></Esri><dataIdInfo><envirDesc Sync="TRUE"> Version 6.2 (Build 9200) ; Esri ArcGIS 10.8.0.12790</envirDesc><dataLang><languageCode value="eng" Sync="TRUE"/><countryCode value="IDN" Sync="TRUE"/></dataLang><idCitation><resTitle Sync="TRUE">Bigesetetetes_Clip</resTitle><presForm><PresFormCd value="005" Sync="TRUE"/></presForm></idCitation><spatRpType><SpatRepTypCd value="001" Sync="TRUE"/></spatRpType><idAbs>&lt;DIV STYLE="text-align:Left;"&gt;&lt;DIV&gt;&lt;P&gt;&lt;SPAN&gt;&lt;SPAN&gt;wadah air beserta air dan daya air yang terkandung di dalamnya, tergenang terus menerus/musiman, terbentuk secara alami di lahan yang relatif datar/cekung dengan endapan mineral/gambut dan ditumbuhi vegetasi&lt;/SPAN&gt;&lt;/SPAN&gt;&lt;/P&gt;&lt;/DIV&gt;&lt;/DIV&gt;</idAbs></dataIdInfo><mdLang><languageCode value="eng" Sync="TRUE"/><countryCode value="IDN" Sync="TRUE"/></mdLang><distInfo><distFormat><formatName Sync="TRUE">File Geodatabase Feature Class</formatName></distFormat><distTranOps><transSize Sync="TRUE">0.000</transSize></distTranOps></distInfo><mdHrLv><ScopeCd value="005" Sync="TRUE"/></mdHrLv><mdHrLvName Sync="TRUE">dataset</mdHrLvName><refSysInfo><RefSystem><refSysID><identCode code="4326" Sync="TRUE"/><idCodeSpace Sync="TRUE">EPSG</idCodeSpace><idVersion Sync="TRUE">6.14(3.0.1)</idVersion></refSysID></RefSystem></refSysInfo><spatRepInfo><VectSpatRep><geometObjs Name="Bigesetetetes_Clip"><geoObjTyp><GeoObjTypCd value="002" Sync="TRUE"></GeoObjTypCd></geoObjTyp><geoObjCnt Sync="TRUE">0</geoObjCnt></geometObjs><topLvl><TopoLevCd value="001" Sync="TRUE"></TopoLevCd></topLvl></VectSpatRep></spatRepInfo><spdoinfo><ptvctinf><esriterm Name="Bigesetetetes_Clip"><efeatyp Sync="TRUE">Simple</efeatyp><efeageom code="4" Sync="TRUE"></efeageom><esritopo Sync="TRUE">FALSE</esritopo><efeacnt Sync="TRUE">0</efeacnt><spindex Sync="TRUE">TRUE</spindex><linrefer Sync="TRUE">TRUE</linrefer></esriterm></ptvctinf></spdoinfo><eainfo><detailed Name="Bigesetetetes_Clip"><enttyp><enttypl Sync="TRUE">Bigesetetetes_Clip</enttypl><enttypt Sync="TRUE">Feature Class</enttypt><enttypc Sync="TRUE">0</enttypc></enttyp><attr><attrlabl Sync="TRUE">OBJECTID</attrlabl><attalias Sync="TRUE">FID</attalias><attrtype Sync="TRUE">OID</attrtype><attwidth Sync="TRUE">4</attwidth><atprecis Sync="TRUE">0</atprecis><attscale Sync="TRUE">0</attscale><attrdef Sync="TRUE">Internal feature number.</attrdef><attrdefs Sync="TRUE">Esri</attrdefs><attrdomv><udom Sync="TRUE">Sequential unique whole numbers that are automatically generated.</udom></attrdomv></attr><attr><attrlabl Sync="TRUE">SHAPE</attrlabl><attalias Sync="TRUE">Shape</attalias><attrtype Sync="TRUE">Geometry</attrtype><attwidth Sync="TRUE">0</attwidth><atprecis Sync="TRUE">0</atprecis><attscale Sync="TRUE">0</attscale><attrdef Sync="TRUE">Feature geometry.</attrdef><attrdefs Sync="TRUE">Esri</attrdefs><attrdomv><udom Sync="TRUE">Coordinates defining the features.</udom></attrdomv></attr><attr><attrlabl Sync="TRUE">NAMOBJ</attrlabl><attalias Sync="TRUE">NAMOBJ</attalias><attrtype Sync="TRUE">String</attrtype><attwidth Sync="TRUE">50</attwidth><atprecis Sync="TRUE">0</atprecis><attscale Sync="TRUE">0</attscale></attr><attr><attrlabl Sync="TRUE">FCODE</attrlabl><attalias Sync="TRUE">FCODE</attalias><attrtype Sync="TRUE">String</attrtype><attwidth Sync="TRUE">50</attwidth><atprecis Sync="TRUE">0</atprecis><attscale Sync="TRUE">0</attscale></attr><attr><attrlabl Sync="TRUE">REMARK</attrlabl><attalias Sync="TRUE">REMARK</attalias><attrtype Sync="TRUE">String</attrtype><attwidth Sync="TRUE">250</attwidth><atprecis Sync="TRUE">0</atprecis><attscale Sync="TRUE">0</attscale></attr><attr><attrlabl Sync="TRUE">KODLCO</attrlabl><attalias Sync="TRUE">KODLCO</attalias><attrtype Sync="TRUE">String</attrtype><attwidth Sync="TRUE">20</attwidth><atprecis Sync="TRUE">0</atprecis><attscale Sync="TRUE">0</attscale></attr><attr><attrlabl Sync="TRUE">SRS_ID</attrlabl><attalias Sync="TRUE">SRS_ID</attalias><attrtype Sync="TRUE">String</attrtype><attwidth Sync="TRUE">50</attwidth><atprecis Sync="TRUE">0</atprecis><attscale Sync="TRUE">0</attscale></attr><attr><attrlabl Sync="TRUE">LCODE</attrlabl><attalias Sync="TRUE">LCODE</attalias><attrtype Sync="TRUE">String</attrtype><attwidth Sync="TRUE">50</attwidth><atprecis Sync="TRUE">0</atprecis><attscale Sync="TRUE">0</attscale></attr><attr><attrlabl Sync="TRUE">METADATA</attrlabl><attalias Sync="TRUE">METADATA</attalias><attrtype Sync="TRUE">String</attrtype><attwidth Sync="TRUE">50</attwidth><atprecis Sync="TRUE">0</atprecis><attscale Sync="TRUE">0</attscale></attr><attr><attrlabl Sync="TRUE">SHAPE_Area</attrlabl><attalias Sync="TRUE">Shape_Area</attalias><attrtype Sync="TRUE">Double</attrtype><attwidth Sync="TRUE">8</attwidth><atprecis Sync="TRUE">0</atprecis><attscale Sync="TRUE">0</attscale><attrdef Sync="TRUE">Area of feature in internal units squared.</attrdef><attrdefs Sync="TRUE">Esri</attrdefs><attrdomv><udom Sync="TRUE">Positive real numbers that are automatically generated.</udom></attrdomv></attr><attr><attrlabl Sync="TRUE">TPRAWA</attrlabl><attalias Sync="TRUE">TPRAWA</attalias><attrtype Sync="TRUE">Integer</attrtype><attwidth Sync="TRUE">4</attwidth><atprecis Sync="TRUE">0</atprecis><attscale Sync="TRUE">0</attscale></attr><attr><attrlabl Sync="TRUE">TPGNGN</attrlabl><attalias Sync="TRUE">TPGNGN</attalias><attrtype Sync="TRUE">Integer</attrtype><attwidth Sync="TRUE">4</attwidth><atprecis Sync="TRUE">0</atprecis><attscale Sync="TRUE">0</attscale></attr><attr><attrlabl Sync="TRUE">SHAPE_Leng</attrlabl><attalias Sync="TRUE">SHAPE_Leng</attalias><attrtype Sync="TRUE">Double</attrtype><attwidth Sync="TRUE">8</attwidth><atprecis Sync="TRUE">0</atprecis><attscale Sync="TRUE">0</attscale></attr><attr><attrlabl Sync="TRUE">TPAIR</attrlabl><attalias Sync="TRUE">TPAIR</attalias><attrtype Sync="TRUE">Integer</attrtype><attwidth Sync="TRUE">4</attwidth><atprecis Sync="TRUE">0</atprecis><attscale Sync="TRUE">0</attscale></attr><attr><attrlabl Sync="TRUE">OTODAN</attrlabl><attalias Sync="TRUE">OTODAN</attalias><attrtype Sync="TRUE">Integer</attrtype><attwidth Sync="TRUE">4</attwidth><atprecis Sync="TRUE">0</atprecis><attscale Sync="TRUE">0</attscale></attr><attr><attrlabl Sync="TRUE">VOLTAP</attrlabl><attalias Sync="TRUE">VOLTAP</attalias><attrtype Sync="TRUE">Double</attrtype><attwidth Sync="TRUE">8</attwidth><atprecis Sync="TRUE">0</atprecis><attscale Sync="TRUE">0</attscale></attr><attr><attrlabl Sync="TRUE">DTA</attrlabl><attalias Sync="TRUE">DTA</attalias><attrtype Sync="TRUE">Double</attrtype><attwidth Sync="TRUE">8</attwidth><atprecis Sync="TRUE">0</atprecis><attscale Sync="TRUE">0</attscale></attr><attr><attrlabl Sync="TRUE">SEDIMN</attrlabl><attalias Sync="TRUE">SEDIMN</attalias><attrtype Sync="TRUE">Integer</attrtype><attwidth Sync="TRUE">4</attwidth><atprecis Sync="TRUE">0</atprecis><attscale Sync="TRUE">0</attscale></attr><attr><attrlabl Sync="TRUE">VLCSDN</attrlabl><attalias Sync="TRUE">VLCSDN</attalias><attrtype Sync="TRUE">Double</attrtype><attwidth Sync="TRUE">8</attwidth><atprecis Sync="TRUE">0</atprecis><attscale Sync="TRUE">0</attscale></attr><attr><attrlabl Sync="TRUE">QUAAR</attrlabl><attalias Sync="TRUE">QUAAR</attalias><attrtype Sync="TRUE">Integer</attrtype><attwidth Sync="TRUE">4</attwidth><atprecis Sync="TRUE">0</atprecis><attscale Sync="TRUE">0</attscale></attr><attr><attrlabl Sync="TRUE">CRH</attrlabl><attalias Sync="TRUE">CRH</attalias><attrtype Sync="TRUE">Double</attrtype><attwidth Sync="TRUE">8</attwidth><atprecis Sync="TRUE">0</atprecis><attscale Sync="TRUE">0</attscale></attr><attr><attrlabl Sync="TRUE">KPTS</attrlabl><attalias Sync="TRUE">KPTS</attalias><attrtype Sync="TRUE">Double</attrtype><attwidth Sync="TRUE">8</attwidth><atprecis Sync="TRUE">0</atprecis><attscale Sync="TRUE">0</attscale></attr><attr><attrlabl Sync="TRUE">NAMWS</attrlabl><attalias Sync="TRUE">NAMWS</attalias><attrtype Sync="TRUE">String</attrtype><attwidth Sync="TRUE">50</attwidth><atprecis Sync="TRUE">0</atprecis><attscale Sync="TRUE">0</attscale></attr><attr><attrlabl Sync="TRUE">NAMDAS</attrlabl><attalias Sync="TRUE">NAMDAS</attalias><attrtype Sync="TRUE">String</attrtype><attwidth Sync="TRUE">50</attwidth><atprecis Sync="TRUE">0</atprecis><attscale Sync="TRUE">0</attscale></attr><attr><attrlabl Sync="TRUE">LOKASI</attrlabl><attalias Sync="TRUE">LOKASI</attalias><attrtype Sync="TRUE">String</attrtype><attwidth Sync="TRUE">50</attwidth><atprecis Sync="TRUE">0</atprecis><attscale Sync="TRUE">0</attscale></attr><attr><attrlabl Sync="TRUE">JNSSWH</attrlabl><attalias Sync="TRUE">JNSSWH</attalias><attrtype Sync="TRUE">Integer</attrtype><attwidth Sync="TRUE">4</attwidth><atprecis Sync="TRUE">0</atprecis><attscale Sync="TRUE">0</attscale></attr><attr><attrlabl Sync="TRUE">AQDATE</attrlabl><attalias Sync="TRUE">AQDATE</attalias><attrtype Sync="TRUE">Date</attrtype><attwidth Sync="TRUE">8</attwidth><atprecis Sync="TRUE">0</atprecis><attscale Sync="TRUE">0</attscale></attr><attr><attrlabl Sync="TRUE">PUDATE</attrlabl><attalias Sync="TRUE">PUDATE</attalias><attrtype Sync="TRUE">Date</attrtype><attwidth Sync="TRUE">8</attwidth><atprecis Sync="TRUE">0</atprecis><attscale Sync="TRUE">0</attscale></attr><attr><attrlabl Sync="TRUE">TNMSWH</attrlabl><attalias Sync="TRUE">TNMSWH</attalias><attrtype Sync="TRUE">Integer</attrtype><attwidth Sync="TRUE">4</attwidth><atprecis Sync="TRUE">0</atprecis><attscale Sync="TRUE">0</attscale></attr><attr><attrlabl Sync="TRUE">JNSLDG</attrlabl><attalias Sync="TRUE">JNSLDG</attalias><attrtype Sync="TRUE">Integer</attrtype><attwidth Sync="TRUE">4</attwidth><atprecis Sync="TRUE">0</atprecis><attscale Sync="TRUE">0</attscale></attr><attr><attrlabl Sync="TRUE">TNMLDG</attrlabl><attalias Sync="TRUE">TNMLDG</attalias><attrtype Sync="TRUE">Integer</attrtype><attwidth Sync="TRUE">4</attwidth><atprecis Sync="TRUE">0</atprecis><attscale Sync="TRUE">0</attscale></attr><attr><attrlabl Sync="TRUE">TIPLDG</attrlabl><attalias Sync="TRUE">TIPLDG</attalias><attrtype Sync="TRUE">Integer</attrtype><attwidth Sync="TRUE">4</attwidth><atprecis Sync="TRUE">0</atprecis><attscale Sync="TRUE">0</attscale></attr><attr><attrlabl Sync="TRUE">JNSKBN</attrlabl><attalias Sync="TRUE">JNSKBN</attalias><attrtype Sync="TRUE">Integer</attrtype><attwidth Sync="TRUE">4</attwidth><atprecis Sync="TRUE">0</atprecis><attscale Sync="TRUE">0</attscale></attr><attr><attrlabl Sync="TRUE">JNSSMK</attrlabl><attalias Sync="TRUE">JNSSMK</attalias><attrtype Sync="TRUE">Integer</attrtype><attwidth Sync="TRUE">4</attwidth><atprecis Sync="TRUE">0</atprecis><attscale Sync="TRUE">0</attscale></attr><attr><attrlabl Sync="TRUE">JNSPHN</attrlabl><attalias Sync="TRUE">JNSPHN</attalias><attrtype Sync="TRUE">Integer</attrtype><attwidth Sync="TRUE">4</attwidth><atprecis Sync="TRUE">0</atprecis><attscale Sync="TRUE">0</attscale></attr><attr><attrlabl Sync="TRUE">JNSHTN</attrlabl><attalias Sync="TRUE">JNSHTN</attalias><attrtype Sync="TRUE">Integer</attrtype><attwidth Sync="TRUE">4</attwidth><atprecis Sync="TRUE">0</atprecis><attscale Sync="TRUE">0</attscale></attr><attr><attrlabl Sync="TRUE">KRPPHN</attrlabl><attalias Sync="TRUE">KRPPHN</attalias><attrtype Sync="TRUE">Integer</attrtype><attwidth Sync="TRUE">4</attwidth><atprecis Sync="TRUE">0</atprecis><attscale Sync="TRUE">0</attscale></attr><attr><attrlabl Sync="TRUE">KLSLCO</attrlabl><attalias Sync="TRUE">KLSLCO</attalias><attrtype Sync="TRUE">Integer</attrtype><attwidth Sync="TRUE">4</attwidth><atprecis Sync="TRUE">0</atprecis><attscale Sync="TRUE">0</attscale></attr><attr><attrlabl Sync="TRUE">TKTHTN</attrlabl><attalias Sync="TRUE">TKTHTN</attalias><attrtype Sync="TRUE">Integer</attrtype><attwidth Sync="TRUE">4</attwidth><atprecis Sync="TRUE">0</atprecis><attscale Sync="TRUE">0</attscale></attr><attr><attrlabl Sync="TRUE">TIPHTN</attrlabl><attalias Sync="TRUE">TIPHTN</attalias><attrtype Sync="TRUE">Integer</attrtype><attwidth Sync="TRUE">4</attwidth><atprecis Sync="TRUE">0</atprecis><attscale Sync="TRUE">0</attscale></attr><attr><attrlabl Sync="TRUE">KLSRMP</attrlabl><attalias Sync="TRUE">KLSRMP</attalias><attrtype Sync="TRUE">Integer</attrtype><attwidth Sync="TRUE">4</attwidth><atprecis Sync="TRUE">0</atprecis><attscale Sync="TRUE">0</attscale></attr><attr><attrlabl Sync="TRUE">KODATC</attrlabl><attalias Sync="TRUE">KODATC</attalias><attrtype Sync="TRUE">String</attrtype><attwidth Sync="TRUE">50</attwidth><atprecis Sync="TRUE">0</atprecis><attscale Sync="TRUE">0</attscale></attr><attr><attrlabl Sync="TRUE">JNSPDG</attrlabl><attalias Sync="TRUE">JNSPDG</attalias><attrtype Sync="TRUE">Integer</attrtype><attwidth Sync="TRUE">4</attwidth><atprecis Sync="TRUE">0</atprecis><attscale Sync="TRUE">0</attscale></attr><attr><attrlabl Sync="TRUE">Shape_Length</attrlabl><attalias Sync="TRUE">Shape_Length</attalias><attrtype Sync="TRUE">Double</attrtype><attwidth Sync="TRUE">8</attwidth><atprecis Sync="TRUE">0</atprecis><attscale Sync="TRUE">0</attscale><attrdef Sync="TRUE">Length of feature in internal units.</attrdef><attrdefs Sync="TRUE">Esri</attrdefs><attrdomv><udom Sync="TRUE">Positive real numbers that are automatically generated.</udom></attrdomv></attr><attr><attrlabl Sync="TRUE">FGSGOV</attrlabl><attalias Sync="TRUE">FGSGOV</attalias><attrtype Sync="TRUE">Integer</attrtype><attwidth Sync="TRUE">4</attwidth><atprecis Sync="TRUE">0</atprecis><attscale Sync="TRUE">0</attscale></attr></detailed></eainfo><mdDateSt Sync="TRUE">20241014</mdDateSt></metadata>
