<?xml version="1.0" encoding="UTF-8"?>
<metadata xml:lang="en"><Esri><CreaDate>20231206</CreaDate><CreaTime>22094100</CreaTime><SyncOnce>FALSE</SyncOnce><SyncDate>20241014</SyncDate><SyncTime>13335100</SyncTime><ModDate>20241014</ModDate><ModTime>13335100</ModTime><DataProperties><lineage><Process ToolSource="C:\Program Files\ArcGIS\ArcToolbox\Toolboxes\Analysis Tools.tbx\Union" Date="20110816" Time="020756">Union "New_Shapefile #;zona_fix #" E:\New_Shapefile_Union.shp ALL # GAPS</Process><Process ToolSource="C:\Program Files\ArcGIS\ArcToolbox\Toolboxes\Data Management Tools.tbx\CopyFeatures" Date="20110816" Time="022935">CopyFeatures new_shapefile_union "E:\PROJECT 2011\SPT\Data Sulawesi Utara\Zona_tomohon\Zona_fixed.shp" # 0 0 0</Process><Process Name="Feature Class to Feature Class" ToolSource="C:\Program Files (x86)\ArcGIS\Desktop10.0\ArcToolbox\Toolboxes\Conversion Tools.tbx\FeatureClassToFeatureClass" Date="20181118" Time="175350">FeatureClassToFeatureClass update_tomohon C:\Geospasial\Temp\ZoneNilaiTanah.mdb Zona_Layer # "ID "ID" true true false 6 Long 0 6 ,First,#,C:\Geospasial\Latihan Updating ZNT\file shp\ZNT updating.shp,ID,-1,-1;NOZONE "NOZONE" true true false 6 Text 0 0 ,First,#,C:\Geospasial\Latihan Updating ZNT\file shp\ZNT updating.shp,NOZONE,-1,-1;COUNT_ "COUNT_" true true false 11 Double 0 11 ,First,#,C:\Geospasial\Latihan Updating ZNT\file shp\ZNT updating.shp,COUNT,-1,-1;SUM_ "SUM_" true true false 16 Double 2 15 ,First,#,C:\Geospasial\Latihan Updating ZNT\file shp\ZNT updating.shp,SUM,-1,-1;MEAN "MEAN" true true false 16 Double 2 15 ,First,#,C:\Geospasial\Latihan Updating ZNT\file shp\ZNT updating.shp,MEAN,-1,-1;MAX_ "MAX_" true true false 16 Double 2 15 ,First,#,C:\Geospasial\Latihan Updating ZNT\file shp\ZNT updating.shp,MAX,-1,-1;MIN_ "MIN_" true true false 16 Double 2 15 ,First,#,C:\Geospasial\Latihan Updating ZNT\file shp\ZNT updating.shp,MIN,-1,-1;RANGE "RANGE" true true false 16 Double 2 15 ,First,#,C:\Geospasial\Latihan Updating ZNT\file shp\ZNT updating.shp,RANGE,-1,-1;VARIANCE "VARIANCE" true true false 16 Double 2 15 ,First,#,C:\Geospasial\Latihan Updating ZNT\file shp\ZNT updating.shp,VARIANCE,-1,-1;STDDEV "STDDEV" true true false 16 Double 2 15 ,First,#,C:\Geospasial\Latihan Updating ZNT\file shp\ZNT updating.shp,STDDEV,-1,-1;PSTDDEV "PSTDDEV" true true false 16 Double 2 15 ,First,#,C:\Geospasial\Latihan Updating ZNT\file shp\ZNT updating.shp,PSTDDEV,-1,-1;RPBULAT "RPBULAT" true true false 16 Text 0 0 ,First,#,C:\Geospasial\Latihan Updating ZNT\file shp\ZNT updating.shp,RPBULAT,-1,-1;JENIS_ZONA "JENIS_ZONA" true true false 4 Short 0 4 ,First,#,C:\Geospasial\Latihan Updating ZNT\file shp\ZNT updating.shp,JENIS_ZONA,-1,-1" #</Process><Process Name="Define Projection" ToolSource="C:\Program Files (x86)\ArcGIS\Desktop10.0\ArcToolbox\Toolboxes\Data Management Tools.tbx\DefineProjection" Date="20181118" Time="175352">DefineProjection C:\Geospasial\Temp\ZoneNilaiTanah.mdb\Zona_Layer PROJCS['BPN TM3-51.2',GEOGCS['GCS_DGN_1995',DATUM['D_Datum_Geodesi_Nasional_1995',SPHEROID['WGS_1984',6378137.0,298.257223563]],PRIMEM['Greenwich',0.0],UNIT['Degree',0.0174532925199433]],PROJECTION['Transverse_Mercator'],PARAMETER['False_Easting',200000.0],PARAMETER['False_Northing',1500000.0],PARAMETER['Central_Meridian',124.5],PARAMETER['Scale_Factor',0.9999],PARAMETER['Latitude_Of_Origin',0.0],UNIT['Meter',1.0]]</Process><Process Name="Calculate Field (3)" ToolSource="C:\Program Files (x86)\ArcGIS\Desktop10.0\ArcToolbox\Toolboxes\Data Management Tools.tbx\CalculateField" Date="20181118" Time="175355">CalculateField C:\Geospasial\Temp\ZoneNilaiTanah.mdb\Zona_Layer MEAN ROUND( [MEAN],2 ) VB #</Process><Process Name="Add Field" ToolSource="C:\Program Files (x86)\ArcGIS\Desktop10.0\ArcToolbox\Toolboxes\Data Management Tools.tbx\AddField" Date="20181118" Time="175358">AddField C:\Geospasial\Temp\ZoneNilaiTanah.mdb\Zona_Layer MEAN_LAMA DOUBLE # 2 # # NULLABLE NON_REQUIRED #</Process><Process Name="Calculate Field" ToolSource="C:\Program Files (x86)\ArcGIS\Desktop10.0\ArcToolbox\Toolboxes\Data Management Tools.tbx\CalculateField" Date="20181118" Time="175401">CalculateField C:\Geospasial\Temp\ZoneNilaiTanah.mdb\Zona_Layer MEAN_LAMA ROUND([MEAN],2) VB #</Process><Process Name="Calculate Field (2)" ToolSource="C:\Program Files (x86)\ArcGIS\Desktop10.0\ArcToolbox\Toolboxes\Data Management Tools.tbx\CalculateField" Date="20181118" Time="175403">CalculateField C:\Geospasial\Temp\ZoneNilaiTanah.mdb\Zona_Layer RPBULAT Bulet VB "Dim Bulet\nIf (IsNull([MEAN])) Then\n    Bulet = ""\nElse\n    Bulet = Round([MEAN] / 1000,0) * 1000\n    Bulet = "Rp. " &amp; FormatNumber(Bulet,0,,,-1)\nEnd If"</Process><Process Name="Add Field (2)" ToolSource="C:\Program Files (x86)\ArcGIS\Desktop10.0\ArcToolbox\Toolboxes\Data Management Tools.tbx\AddField" Date="20181118" Time="175406">AddField C:\Geospasial\Temp\ZoneNilaiTanah.mdb\Zona_Layer NILAI_BARU DOUBLE # 2 # # NULLABLE NON_REQUIRED #</Process><Process Name="Calculate Field" ToolSource="C:\Program Files (x86)\ArcGIS\Desktop10.0\ArcToolbox\Toolboxes\Data Management Tools.tbx\CalculateField" Date="20181118" Time="182747">CalculateField Zona_Layer RPBULAT Bulet VB "Dim Bulet\nIf (IsNull([MEAN])) Then\n    Bulet = ""\nElse\n    Bulet = Round([MEAN] / 1000,0) * 1000\n    Bulet = "Rp. " &amp; FormatNumber(Bulet,0,,,-1)\nEnd If"</Process><Process Name="Calculate Field" ToolSource="C:\Program Files (x86)\ArcGIS\Desktop10.0\ArcToolbox\Toolboxes\Data Management Tools.tbx\CalculateField" Date="20181118" Time="182851">CalculateField Zona_Layer MEAN_LAMA [MEAN] VB #</Process><Process Name="Join Field" ToolSource="C:\Program Files (x86)\ArcGIS\Desktop10.0\ArcToolbox\Toolboxes\Data Management Tools.tbx\JoinField" Date="20181118" Time="182900">JoinField Zona_Layer OBJECTID C:\Geospasial\Temp\ZoneNilaiTanah.mdb\Dissolve_Outlier FID_Zona_Layer SUM_Nilai;MEAN_Nilai;MIN_Nilai;MAX_Nilai;STD_Nilai;COUNT_Nilai;RANGE_Nilai</Process><Process Name="Update Range" ToolSource="C:\Program Files (x86)\ArcGIS\Desktop10.0\ArcToolbox\Toolboxes\Data Management Tools.tbx\CalculateField" Date="20181118" Time="182901">CalculateField Zona_Layer RANGE doSomething VB "Dim doSomething\nIf (IsNull([RANGE_Nilai])) Then\n    doSomething = [RANGE_Nilai]\nElse\n        doSomething = Round([RANGE_Nilai],2)\nEnd If"</Process><Process Name="Update Max" ToolSource="C:\Program Files (x86)\ArcGIS\Desktop10.0\ArcToolbox\Toolboxes\Data Management Tools.tbx\CalculateField" Date="20181118" Time="182902">CalculateField Zona_Layer MAX_ doSomething VB "Dim doSomething\nIf (IsNull([MAX_Nilai])) Then\n    doSomething = [MAX_Nilai]\nElse\n        doSomething = Round([MAX_Nilai],2)\nEnd If"</Process><Process Name="Update Jumlah Sampel" ToolSource="C:\Program Files (x86)\ArcGIS\Desktop10.0\ArcToolbox\Toolboxes\Data Management Tools.tbx\CalculateField" Date="20181118" Time="182902">CalculateField Zona_Layer COUNT_ doSomething VB "Dim doSomething\nIf (IsNull([COUNT_Nilai])) Then\n    doSomething = [COUNT_Nilai]\nElse\n        doSomething = Round([COUNT_Nilai],2)\nEnd If"</Process><Process Name="Update STDDEV" ToolSource="C:\Program Files (x86)\ArcGIS\Desktop10.0\ArcToolbox\Toolboxes\Data Management Tools.tbx\CalculateField" Date="20181118" Time="182903">CalculateField Zona_Layer STDDEV doSomething VB "Dim doSomething\nIf (IsNull([STD_Nilai])) Then\n    doSomething = [STD_Nilai]\nElse\n        doSomething = Round([STD_Nilai],2)\nEnd If"</Process><Process Name="Update Mean" ToolSource="C:\Program Files (x86)\ArcGIS\Desktop10.0\ArcToolbox\Toolboxes\Data Management Tools.tbx\CalculateField" Date="20181118" Time="182904">CalculateField Zona_Layer MEAN doSomething VB "Dim doSomething\nIf (IsNull([MEAN_Nilai])) Then\n    doSomething = [MEAN_Nilai]\nElse\n        doSomething = Round([MEAN_Nilai],2)\nEnd If"</Process><Process Name="Update Min" ToolSource="C:\Program Files (x86)\ArcGIS\Desktop10.0\ArcToolbox\Toolboxes\Data Management Tools.tbx\CalculateField" Date="20181118" Time="182905">CalculateField Zona_Layer MIN_ doSomething VB "Dim doSomething\nIf (IsNull([MIN_Nilai])) Then\n    doSomething = [MIN_Nilai]\nElse\n        doSomething = Round([MIN_Nilai],2)\nEnd If"</Process><Process Name="Update Summary" ToolSource="C:\Program Files (x86)\ArcGIS\Desktop10.0\ArcToolbox\Toolboxes\Data Management Tools.tbx\CalculateField" Date="20181118" Time="182905">CalculateField Zona_Layer SUM_ doSomething VB "Dim doSomething\nIf (IsNull([SUM_Nilai])) Then\n    doSomething = [SUM_Nilai]\nElse\n        doSomething = Round([SUM_Nilai],2)\nEnd If"</Process><Process Name="Update PSTDDEV" ToolSource="C:\Program Files (x86)\ArcGIS\Desktop10.0\ArcToolbox\Toolboxes\Data Management Tools.tbx\CalculateField" Date="20181118" Time="182906">CalculateField Zona_Layer PSTDDEV doSomething VB "Dim doSomething\nIf (IsNull([STDDEV]) or IsNull([MEAN])) Then\n    doSomething = [STDDEV] / [MEAN] *100\nElse\n        doSomething = Round([STDDEV] / [MEAN] *100,2)\nEnd If"</Process><Process Name="Hapus Variabel Field" ToolSource="C:\Program Files (x86)\ArcGIS\Desktop10.0\ArcToolbox\Toolboxes\Data Management Tools.tbx\DeleteField" Date="20181118" Time="182911">DeleteField Zona_Layer SUM_Nilai;MEAN_Nilai;MIN_Nilai;MAX_Nilai;STD_Nilai;COUNT_Nilai;RANGE_Nilai</Process><Process Name="Calculate Field (3)" ToolSource="C:\Program Files (x86)\ArcGIS\Desktop10.0\ArcToolbox\Toolboxes\Data Management Tools.tbx\CalculateField" Date="20181118" Time="182912">CalculateField Zona_Layer NOZONE [OBJECTID] VB #</Process><Process Name="Hitung Nilai Baru Data Outlier" ToolSource="C:\Program Files (x86)\ArcGIS\Desktop10.0\ArcToolbox\Toolboxes\Data Management Tools.tbx\CalculateField" Date="20181118" Time="182913">CalculateField Zona_Layer NILAI_BARU [MEAN] VB #</Process><Process Name="Hitung RPBulat" ToolSource="C:\Program Files (x86)\ArcGIS\Desktop10.0\ArcToolbox\Toolboxes\Data Management Tools.tbx\CalculateField" Date="20181118" Time="182914">CalculateField Zona_Layer RPBULAT Bulet VB "Dim Bulet\nIf (IsNull([MEAN])) Then\n    Bulet = ""\nElse\n    Bulet = Round([MEAN] / 1000,0) * 1000\n    Bulet = "Rp. " &amp; FormatNumber(Bulet,0,,,-1)\nEnd If"</Process><Process Name="Calculate Field" ToolSource="C:\Program Files (x86)\ArcGIS\Desktop10.0\ArcToolbox\Toolboxes\Data Management Tools.tbx\CalculateField" Date="20181118" Time="183035">CalculateField Zona_Layer RPBULAT Bulet VB "Dim Bulet\nIf (IsNull([MEAN])) Then\n    Bulet = ""\nElse\n    Bulet = Round([MEAN] / 1000,0) * 1000\n    Bulet = "Rp. " &amp; FormatNumber(Bulet,0,,,-1)\nEnd If"</Process><Process ToolSource="c:\program files (x86)\arcgis\desktop10.3\ArcToolbox\Toolboxes\Data Management Tools.tbx\CalculateField" Date="20200813" Time="065203">CalculateField Zona_Layer1 NILAI_BARU "[NILAI_BARU] *0.5" VB #</Process><Process ToolSource="c:\program files (x86)\arcgis\desktop10.3\ArcToolbox\Toolboxes\Data Management Tools.tbx\CalculateField" Date="20200813" Time="065249">CalculateField Zona_Layer1 NILAI_BARU "[NILAI_BARU] *2" VB #</Process><Process ToolSource="c:\program files (x86)\arcgis\desktop10.3\ArcToolbox\Toolboxes\Data Management Tools.tbx\CalculateField" Date="20200813" Time="065309">CalculateField Zona_Layer1 NILAI_BARU "[NILAI_BARU] *1.5" VB #</Process><Process ToolSource="c:\program files (x86)\arcgis\desktop10.3\ArcToolbox\Toolboxes\Data Management Tools.tbx\CalculateField" Date="20200813" Time="065354">CalculateField Zona_Layer1 NILAI_BARU "[NILAI_BARU] *1.5" VB #</Process><Process ToolSource="c:\program files (x86)\arcgis\desktop10.3\ArcToolbox\Toolboxes\Data Management Tools.tbx\CalculateField" Date="20200923" Time="074531">CalculateField Zona_Layer1 NILAI_BARU "1.5 * [MEAN_LAMA]" VB #</Process><Process Name="Feature Class to Feature Class" ToolSource="c:\program files (x86)\arcgis\desktop10.4\ArcToolbox\Toolboxes\Conversion Tools.tbx\FeatureClassToFeatureClass" Date="20221009" Time="060644">FeatureClassToFeatureClass "D:\DATA ZNT 2022 fix\PETA ZNT\znt\update_znt.shp" C:\Geospasial\Temp\ZoneNilaiTanah.mdb Zona_Layer # "ID "ID" true true false 6 Long 0 6 ,First,#,C:\Geospasial\Latihan Updating ZNT\file shp\ZNT updating.shp,ID,-1,-1;NOZONE "NOZONE" true true false 6 Text 0 0 ,First,#,C:\Geospasial\Latihan Updating ZNT\file shp\ZNT updating.shp,NOZONE,-1,-1;COUNT_ "COUNT_" true true false 11 Double 0 11 ,First,#,C:\Geospasial\Latihan Updating ZNT\file shp\ZNT updating.shp,COUNT,-1,-1;SUM_ "SUM_" true true false 16 Double 2 15 ,First,#,C:\Geospasial\Latihan Updating ZNT\file shp\ZNT updating.shp,SUM,-1,-1;MEAN "MEAN" true true false 16 Double 2 15 ,First,#,C:\Geospasial\Latihan Updating ZNT\file shp\ZNT updating.shp,MEAN,-1,-1;MAX_ "MAX_" true true false 16 Double 2 15 ,First,#,C:\Geospasial\Latihan Updating ZNT\file shp\ZNT updating.shp,MAX,-1,-1;MIN_ "MIN_" true true false 16 Double 2 15 ,First,#,C:\Geospasial\Latihan Updating ZNT\file shp\ZNT updating.shp,MIN,-1,-1;RANGE "RANGE" true true false 16 Double 2 15 ,First,#,C:\Geospasial\Latihan Updating ZNT\file shp\ZNT updating.shp,RANGE,-1,-1;VARIANCE "VARIANCE" true true false 16 Double 2 15 ,First,#,C:\Geospasial\Latihan Updating ZNT\file shp\ZNT updating.shp,VARIANCE,-1,-1;STDDEV "STDDEV" true true false 16 Double 2 15 ,First,#,C:\Geospasial\Latihan Updating ZNT\file shp\ZNT updating.shp,STDDEV,-1,-1;PSTDDEV "PSTDDEV" true true false 16 Double 2 15 ,First,#,C:\Geospasial\Latihan Updating ZNT\file shp\ZNT updating.shp,PSTDDEV,-1,-1;RPBULAT "RPBULAT" true true false 16 Text 0 0 ,First,#,C:\Geospasial\Latihan Updating ZNT\file shp\ZNT updating.shp,RPBULAT,-1,-1;JENIS_ZONA "JENIS_ZONA" true true false 4 Short 0 4 ,First,#,C:\Geospasial\Latihan Updating ZNT\file shp\ZNT updating.shp,JENIS_ZONA,-1,-1" #</Process><Process Name="Define Projection" ToolSource="c:\program files (x86)\arcgis\desktop10.4\ArcToolbox\Toolboxes\Data Management Tools.tbx\DefineProjection" Date="20221009" Time="060645">DefineProjection C:\Geospasial\Temp\ZoneNilaiTanah.mdb\Zona_Layer PROJCS['TM3_Zone_48-2S',GEOGCS['GCS_WGS_1984',DATUM['D_WGS_1984',SPHEROID['WGS_1984',6378137.0,298.257223563]],PRIMEM['Greenwich',0.0],UNIT['Degree',0.0174532925199433]],PROJECTION['Transverse_Mercator'],PARAMETER['false_easting',200000.0],PARAMETER['false_northing',1500000.0],PARAMETER['central_meridian',124.5],PARAMETER['scale_factor',0.9999],PARAMETER['latitude_of_origin',0.0],UNIT['Meter',1.0]]</Process><Process Name="Calculate Field (3)" ToolSource="c:\program files (x86)\arcgis\desktop10.4\ArcToolbox\Toolboxes\Data Management Tools.tbx\CalculateField" Date="20221009" Time="060645">CalculateField C:\Geospasial\Temp\ZoneNilaiTanah.mdb\Zona_Layer MEAN ROUND( [MEAN],2 ) VB #</Process><Process Name="Add Field" ToolSource="c:\program files (x86)\arcgis\desktop10.4\ArcToolbox\Toolboxes\Data Management Tools.tbx\AddField" Date="20221009" Time="060646">AddField C:\Geospasial\Temp\ZoneNilaiTanah.mdb\Zona_Layer MEAN_LAMA DOUBLE # 2 # # NULLABLE NON_REQUIRED #</Process><Process Name="Calculate Field" ToolSource="c:\program files (x86)\arcgis\desktop10.4\ArcToolbox\Toolboxes\Data Management Tools.tbx\CalculateField" Date="20221009" Time="060647">CalculateField C:\Geospasial\Temp\ZoneNilaiTanah.mdb\Zona_Layer MEAN_LAMA ROUND([MEAN],2) VB #</Process><Process Name="Calculate Field (2)" ToolSource="c:\program files (x86)\arcgis\desktop10.4\ArcToolbox\Toolboxes\Data Management Tools.tbx\CalculateField" Date="20221009" Time="060648">CalculateField C:\Geospasial\Temp\ZoneNilaiTanah.mdb\Zona_Layer RPBULAT Bulet VB "Dim Bulet\nIf (IsNull([MEAN])) Then\n    Bulet = ""\nElse\n    Bulet = Round([MEAN] / 1000,0) * 1000\n    Bulet = "Rp. " &amp; FormatNumber(Bulet,0,,,-1)\nEnd If"</Process><Process Name="Add Field (2)" ToolSource="c:\program files (x86)\arcgis\desktop10.4\ArcToolbox\Toolboxes\Data Management Tools.tbx\AddField" Date="20221009" Time="060648">AddField C:\Geospasial\Temp\ZoneNilaiTanah.mdb\Zona_Layer NILAI_BARU DOUBLE # 2 # # NULLABLE NON_REQUIRED #</Process><Process Name="Calculate Field" ToolSource="c:\program files (x86)\arcgis\desktop10.4\ArcToolbox\Toolboxes\Data Management Tools.tbx\CalculateField" Date="20221009" Time="063118">CalculateField Zona_Layer MEAN_LAMA [MEAN] VB #</Process><Process Name="Join Field" ToolSource="c:\program files (x86)\arcgis\desktop10.4\ArcToolbox\Toolboxes\Data Management Tools.tbx\JoinField" Date="20221009" Time="063126">JoinField Zona_Layer OBJECTID C:\Geospasial\Temp\ZoneNilaiTanah.mdb\Dissolve_Outlier FID_Zona_Layer SUM_Nilai;MEAN_Nilai;MIN_Nilai;MAX_Nilai;STD_Nilai;COUNT_Nilai;RANGE_Nilai</Process><Process Name="Update Range" ToolSource="c:\program files (x86)\arcgis\desktop10.4\ArcToolbox\Toolboxes\Data Management Tools.tbx\CalculateField" Date="20221009" Time="063127">CalculateField Zona_Layer RANGE doSomething VB "Dim doSomething\nIf (IsNull([RANGE_Nilai])) Then\n    doSomething = [RANGE_Nilai]\nElse\n        doSomething = Round([RANGE_Nilai],2)\nEnd If"</Process><Process Name="Update Max" ToolSource="c:\program files (x86)\arcgis\desktop10.4\ArcToolbox\Toolboxes\Data Management Tools.tbx\CalculateField" Date="20221009" Time="063127">CalculateField Zona_Layer MAX_ doSomething VB "Dim doSomething\nIf (IsNull([MAX_Nilai])) Then\n    doSomething = [MAX_Nilai]\nElse\n        doSomething = Round([MAX_Nilai],2)\nEnd If"</Process><Process Name="Update Jumlah Sampel" ToolSource="c:\program files (x86)\arcgis\desktop10.4\ArcToolbox\Toolboxes\Data Management Tools.tbx\CalculateField" Date="20221009" Time="063128">CalculateField Zona_Layer COUNT_ doSomething VB "Dim doSomething\nIf (IsNull([COUNT_Nilai])) Then\n    doSomething = [COUNT_Nilai]\nElse\n        doSomething = Round([COUNT_Nilai],2)\nEnd If"</Process><Process Name="Update STDDEV" ToolSource="c:\program files (x86)\arcgis\desktop10.4\ArcToolbox\Toolboxes\Data Management Tools.tbx\CalculateField" Date="20221009" Time="063128">CalculateField Zona_Layer STDDEV doSomething VB "Dim doSomething\nIf (IsNull([STD_Nilai])) Then\n    doSomething = [STD_Nilai]\nElse\n        doSomething = Round([STD_Nilai],2)\nEnd If"</Process><Process Name="Update Mean" ToolSource="c:\program files (x86)\arcgis\desktop10.4\ArcToolbox\Toolboxes\Data Management Tools.tbx\CalculateField" Date="20221009" Time="063129">CalculateField Zona_Layer MEAN doSomething VB "Dim doSomething\nIf (IsNull([MEAN_Nilai])) Then\n    doSomething = [MEAN_Nilai]\nElse\n        doSomething = Round([MEAN_Nilai],2)\nEnd If"</Process><Process Name="Update Min" ToolSource="c:\program files (x86)\arcgis\desktop10.4\ArcToolbox\Toolboxes\Data Management Tools.tbx\CalculateField" Date="20221009" Time="063129">CalculateField Zona_Layer MIN_ doSomething VB "Dim doSomething\nIf (IsNull([MIN_Nilai])) Then\n    doSomething = [MIN_Nilai]\nElse\n        doSomething = Round([MIN_Nilai],2)\nEnd If"</Process><Process Name="Update Summary" ToolSource="c:\program files (x86)\arcgis\desktop10.4\ArcToolbox\Toolboxes\Data Management Tools.tbx\CalculateField" Date="20221009" Time="063130">CalculateField Zona_Layer SUM_ doSomething VB "Dim doSomething\nIf (IsNull([SUM_Nilai])) Then\n    doSomething = [SUM_Nilai]\nElse\n        doSomething = Round([SUM_Nilai],2)\nEnd If"</Process><Process Name="Update PSTDDEV" ToolSource="c:\program files (x86)\arcgis\desktop10.4\ArcToolbox\Toolboxes\Data Management Tools.tbx\CalculateField" Date="20221009" Time="063130">CalculateField Zona_Layer PSTDDEV doSomething VB "Dim doSomething\nIf (IsNull([STDDEV]) or IsNull([MEAN])) Then\n    doSomething = [STDDEV] / [MEAN] *100\nElse\n        doSomething = Round([STDDEV] / [MEAN] *100,2)\nEnd If"</Process><Process Name="Hapus Variabel Field" ToolSource="c:\program files (x86)\arcgis\desktop10.4\ArcToolbox\Toolboxes\Data Management Tools.tbx\DeleteField" Date="20221009" Time="063133">DeleteField Zona_Layer SUM_Nilai;MEAN_Nilai;MIN_Nilai;MAX_Nilai;STD_Nilai;COUNT_Nilai;RANGE_Nilai</Process><Process Name="Calculate Field (3)" ToolSource="c:\program files (x86)\arcgis\desktop10.4\ArcToolbox\Toolboxes\Data Management Tools.tbx\CalculateField" Date="20221009" Time="063134">CalculateField Zona_Layer NOZONE [OBJECTID] VB #</Process><Process Name="Hitung Nilai Baru Data Outlier" ToolSource="c:\program files (x86)\arcgis\desktop10.4\ArcToolbox\Toolboxes\Data Management Tools.tbx\CalculateField" Date="20221009" Time="063135">CalculateField Zona_Layer NILAI_BARU [MEAN] VB #</Process><Process Name="Hitung RPBulat" ToolSource="c:\program files (x86)\arcgis\desktop10.4\ArcToolbox\Toolboxes\Data Management Tools.tbx\CalculateField" Date="20221009" Time="063135">CalculateField Zona_Layer RPBULAT Bulet VB "Dim Bulet\nIf (IsNull([MEAN])) Then\n    Bulet = ""\nElse\n    Bulet = Round([MEAN] / 1000,0) * 1000\n    Bulet = "Rp. " &amp; FormatNumber(Bulet,0,,,-1)\nEnd If"</Process><Process Name="Calculate Field" ToolSource="c:\program files (x86)\arcgis\desktop10.4\ArcToolbox\Toolboxes\Data Management Tools.tbx\CalculateField" Date="20221009" Time="070554">CalculateField Zona_Layer MEAN_LAMA [MEAN] VB #</Process><Process Name="Join Field" ToolSource="c:\program files (x86)\arcgis\desktop10.4\ArcToolbox\Toolboxes\Data Management Tools.tbx\JoinField" Date="20221009" Time="070603">JoinField Zona_Layer OBJECTID C:\Geospasial\Temp\ZoneNilaiTanah.mdb\Dissolve_Outlier FID_Zona_Layer SUM_Nilai;MEAN_Nilai;MIN_Nilai;MAX_Nilai;STD_Nilai;COUNT_Nilai;RANGE_Nilai</Process><Process Name="Update Range" ToolSource="c:\program files (x86)\arcgis\desktop10.4\ArcToolbox\Toolboxes\Data Management Tools.tbx\CalculateField" Date="20221009" Time="070603">CalculateField Zona_Layer RANGE doSomething VB "Dim doSomething\nIf (IsNull([RANGE_Nilai])) Then\n    doSomething = [RANGE_Nilai]\nElse\n        doSomething = Round([RANGE_Nilai],2)\nEnd If"</Process><Process Name="Update Max" ToolSource="c:\program files (x86)\arcgis\desktop10.4\ArcToolbox\Toolboxes\Data Management Tools.tbx\CalculateField" Date="20221009" Time="070604">CalculateField Zona_Layer MAX_ doSomething VB "Dim doSomething\nIf (IsNull([MAX_Nilai])) Then\n    doSomething = [MAX_Nilai]\nElse\n        doSomething = Round([MAX_Nilai],2)\nEnd If"</Process><Process Name="Update Jumlah Sampel" ToolSource="c:\program files (x86)\arcgis\desktop10.4\ArcToolbox\Toolboxes\Data Management Tools.tbx\CalculateField" Date="20221009" Time="070604">CalculateField Zona_Layer COUNT_ doSomething VB "Dim doSomething\nIf (IsNull([COUNT_Nilai])) Then\n    doSomething = [COUNT_Nilai]\nElse\n        doSomething = Round([COUNT_Nilai],2)\nEnd If"</Process><Process Name="Update STDDEV" ToolSource="c:\program files (x86)\arcgis\desktop10.4\ArcToolbox\Toolboxes\Data Management Tools.tbx\CalculateField" Date="20221009" Time="070605">CalculateField Zona_Layer STDDEV doSomething VB "Dim doSomething\nIf (IsNull([STD_Nilai])) Then\n    doSomething = [STD_Nilai]\nElse\n        doSomething = Round([STD_Nilai],2)\nEnd If"</Process><Process Name="Update Mean" ToolSource="c:\program files (x86)\arcgis\desktop10.4\ArcToolbox\Toolboxes\Data Management Tools.tbx\CalculateField" Date="20221009" Time="070605">CalculateField Zona_Layer MEAN doSomething VB "Dim doSomething\nIf (IsNull([MEAN_Nilai])) Then\n    doSomething = [MEAN_Nilai]\nElse\n        doSomething = Round([MEAN_Nilai],2)\nEnd If"</Process><Process Name="Update Min" ToolSource="c:\program files (x86)\arcgis\desktop10.4\ArcToolbox\Toolboxes\Data Management Tools.tbx\CalculateField" Date="20221009" Time="070606">CalculateField Zona_Layer MIN_ doSomething VB "Dim doSomething\nIf (IsNull([MIN_Nilai])) Then\n    doSomething = [MIN_Nilai]\nElse\n        doSomething = Round([MIN_Nilai],2)\nEnd If"</Process><Process Name="Update Summary" ToolSource="c:\program files (x86)\arcgis\desktop10.4\ArcToolbox\Toolboxes\Data Management Tools.tbx\CalculateField" Date="20221009" Time="070606">CalculateField Zona_Layer SUM_ doSomething VB "Dim doSomething\nIf (IsNull([SUM_Nilai])) Then\n    doSomething = [SUM_Nilai]\nElse\n        doSomething = Round([SUM_Nilai],2)\nEnd If"</Process><Process Name="Update PSTDDEV" ToolSource="c:\program files (x86)\arcgis\desktop10.4\ArcToolbox\Toolboxes\Data Management Tools.tbx\CalculateField" Date="20221009" Time="070607">CalculateField Zona_Layer PSTDDEV doSomething VB "Dim doSomething\nIf (IsNull([STDDEV]) or IsNull([MEAN])) Then\n    doSomething = [STDDEV] / [MEAN] *100\nElse\n        doSomething = Round([STDDEV] / [MEAN] *100,2)\nEnd If"</Process><Process Name="Hapus Variabel Field" ToolSource="c:\program files (x86)\arcgis\desktop10.4\ArcToolbox\Toolboxes\Data Management Tools.tbx\DeleteField" Date="20221009" Time="070609">DeleteField Zona_Layer SUM_Nilai;MEAN_Nilai;MIN_Nilai;MAX_Nilai;STD_Nilai;COUNT_Nilai;RANGE_Nilai</Process><Process Name="Calculate Field (3)" ToolSource="c:\program files (x86)\arcgis\desktop10.4\ArcToolbox\Toolboxes\Data Management Tools.tbx\CalculateField" Date="20221009" Time="070610">CalculateField Zona_Layer NOZONE [OBJECTID] VB #</Process><Process Name="Hitung Nilai Baru Data Outlier" ToolSource="c:\program files (x86)\arcgis\desktop10.4\ArcToolbox\Toolboxes\Data Management Tools.tbx\CalculateField" Date="20221009" Time="070610">CalculateField Zona_Layer NILAI_BARU [MEAN] VB #</Process><Process Name="Hitung RPBulat" ToolSource="c:\program files (x86)\arcgis\desktop10.4\ArcToolbox\Toolboxes\Data Management Tools.tbx\CalculateField" Date="20221009" Time="070611">CalculateField Zona_Layer RPBULAT Bulet VB "Dim Bulet\nIf (IsNull([MEAN])) Then\n    Bulet = ""\nElse\n    Bulet = Round([MEAN] / 1000,0) * 1000\n    Bulet = "Rp. " &amp; FormatNumber(Bulet,0,,,-1)\nEnd If"</Process><Process Name="Calculate Field" ToolSource="c:\program files (x86)\arcgis\desktop10.4\ArcToolbox\Toolboxes\Data Management Tools.tbx\CalculateField" Date="20221009" Time="070652">CalculateField Zona_Layer RPBULAT Bulet VB "Dim Bulet\nIf (IsNull([MEAN])) Then\n    Bulet = ""\nElse\n    Bulet = Round([MEAN] / 1000,0) * 1000\n    Bulet = "Rp. " &amp; FormatNumber(Bulet,0,,,-1)\nEnd If"</Process><Process Name="Calculate Field" ToolSource="c:\program files (x86)\arcgis\desktop10.4\ArcToolbox\Toolboxes\Data Management Tools.tbx\CalculateField" Date="20221009" Time="061116">CalculateField Zona_Layer MEAN_LAMA [MEAN] VB #</Process><Process Name="Join Field" ToolSource="c:\program files (x86)\arcgis\desktop10.4\ArcToolbox\Toolboxes\Data Management Tools.tbx\JoinField" Date="20221009" Time="061124">JoinField Zona_Layer OBJECTID C:\Geospasial\Temp\ZoneNilaiTanah.mdb\Dissolve_Outlier FID_Zona_Layer SUM_Nilai;MEAN_Nilai;MIN_Nilai;MAX_Nilai;STD_Nilai;COUNT_Nilai;RANGE_Nilai</Process><Process Name="Update Range" ToolSource="c:\program files (x86)\arcgis\desktop10.4\ArcToolbox\Toolboxes\Data Management Tools.tbx\CalculateField" Date="20221009" Time="061125">CalculateField Zona_Layer RANGE doSomething VB "Dim doSomething\nIf (IsNull([RANGE_Nilai])) Then\n    doSomething = [RANGE_Nilai]\nElse\n        doSomething = Round([RANGE_Nilai],2)\nEnd If"</Process><Process Name="Update Max" ToolSource="c:\program files (x86)\arcgis\desktop10.4\ArcToolbox\Toolboxes\Data Management Tools.tbx\CalculateField" Date="20221009" Time="061125">CalculateField Zona_Layer MAX_ doSomething VB "Dim doSomething\nIf (IsNull([MAX_Nilai])) Then\n    doSomething = [MAX_Nilai]\nElse\n        doSomething = Round([MAX_Nilai],2)\nEnd If"</Process><Process Name="Update Jumlah Sampel" ToolSource="c:\program files (x86)\arcgis\desktop10.4\ArcToolbox\Toolboxes\Data Management Tools.tbx\CalculateField" Date="20221009" Time="061126">CalculateField Zona_Layer COUNT_ doSomething VB "Dim doSomething\nIf (IsNull([COUNT_Nilai])) Then\n    doSomething = [COUNT_Nilai]\nElse\n        doSomething = Round([COUNT_Nilai],2)\nEnd If"</Process><Process Name="Update STDDEV" ToolSource="c:\program files (x86)\arcgis\desktop10.4\ArcToolbox\Toolboxes\Data Management Tools.tbx\CalculateField" Date="20221009" Time="061127">CalculateField Zona_Layer STDDEV doSomething VB "Dim doSomething\nIf (IsNull([STD_Nilai])) Then\n    doSomething = [STD_Nilai]\nElse\n        doSomething = Round([STD_Nilai],2)\nEnd If"</Process><Process Name="Update Mean" ToolSource="c:\program files (x86)\arcgis\desktop10.4\ArcToolbox\Toolboxes\Data Management Tools.tbx\CalculateField" Date="20221009" Time="061127">CalculateField Zona_Layer MEAN doSomething VB "Dim doSomething\nIf (IsNull([MEAN_Nilai])) Then\n    doSomething = [MEAN_Nilai]\nElse\n        doSomething = Round([MEAN_Nilai],2)\nEnd If"</Process><Process Name="Update Min" ToolSource="c:\program files (x86)\arcgis\desktop10.4\ArcToolbox\Toolboxes\Data Management Tools.tbx\CalculateField" Date="20221009" Time="061128">CalculateField Zona_Layer MIN_ doSomething VB "Dim doSomething\nIf (IsNull([MIN_Nilai])) Then\n    doSomething = [MIN_Nilai]\nElse\n        doSomething = Round([MIN_Nilai],2)\nEnd If"</Process><Process Name="Update Summary" ToolSource="c:\program files (x86)\arcgis\desktop10.4\ArcToolbox\Toolboxes\Data Management Tools.tbx\CalculateField" Date="20221009" Time="061128">CalculateField Zona_Layer SUM_ doSomething VB "Dim doSomething\nIf (IsNull([SUM_Nilai])) Then\n    doSomething = [SUM_Nilai]\nElse\n        doSomething = Round([SUM_Nilai],2)\nEnd If"</Process><Process Name="Update PSTDDEV" ToolSource="c:\program files (x86)\arcgis\desktop10.4\ArcToolbox\Toolboxes\Data Management Tools.tbx\CalculateField" Date="20221009" Time="061129">CalculateField Zona_Layer PSTDDEV doSomething VB "Dim doSomething\nIf (IsNull([STDDEV]) or IsNull([MEAN])) Then\n    doSomething = [STDDEV] / [MEAN] *100\nElse\n        doSomething = Round([STDDEV] / [MEAN] *100,2)\nEnd If"</Process><Process Name="Hapus Variabel Field" ToolSource="c:\program files (x86)\arcgis\desktop10.4\ArcToolbox\Toolboxes\Data Management Tools.tbx\DeleteField" Date="20221009" Time="061132">DeleteField Zona_Layer SUM_Nilai;MEAN_Nilai;MIN_Nilai;MAX_Nilai;STD_Nilai;COUNT_Nilai;RANGE_Nilai</Process><Process Name="Calculate Field (3)" ToolSource="c:\program files (x86)\arcgis\desktop10.4\ArcToolbox\Toolboxes\Data Management Tools.tbx\CalculateField" Date="20221009" Time="061132">CalculateField Zona_Layer NOZONE [OBJECTID] VB #</Process><Process Name="Hitung Nilai Baru Data Outlier" ToolSource="c:\program files (x86)\arcgis\desktop10.4\ArcToolbox\Toolboxes\Data Management Tools.tbx\CalculateField" Date="20221009" Time="061133">CalculateField Zona_Layer NILAI_BARU [MEAN] VB #</Process><Process Name="Hitung RPBulat" ToolSource="c:\program files (x86)\arcgis\desktop10.4\ArcToolbox\Toolboxes\Data Management Tools.tbx\CalculateField" Date="20221009" Time="061133">CalculateField Zona_Layer RPBULAT Bulet VB "Dim Bulet\nIf (IsNull([MEAN])) Then\n    Bulet = ""\nElse\n    Bulet = Round([MEAN] / 1000,0) * 1000\n    Bulet = "Rp. " &amp; FormatNumber(Bulet,0,,,-1)\nEnd If"</Process><Process Name="Calculate Field" ToolSource="c:\program files (x86)\arcgis\desktop10.4\ArcToolbox\Toolboxes\Data Management Tools.tbx\CalculateField" Date="20221009" Time="062442">CalculateField Zona_Layer MEAN_LAMA [MEAN] VB #</Process><Process Name="Join Field" ToolSource="c:\program files (x86)\arcgis\desktop10.4\ArcToolbox\Toolboxes\Data Management Tools.tbx\JoinField" Date="20221009" Time="062451">JoinField Zona_Layer OBJECTID C:\Geospasial\Temp\ZoneNilaiTanah.mdb\Dissolve_Outlier FID_Zona_Layer SUM_Nilai;MEAN_Nilai;MIN_Nilai;MAX_Nilai;STD_Nilai;COUNT_Nilai;RANGE_Nilai</Process><Process Name="Update Range" ToolSource="c:\program files (x86)\arcgis\desktop10.4\ArcToolbox\Toolboxes\Data Management Tools.tbx\CalculateField" Date="20221009" Time="062451">CalculateField Zona_Layer RANGE doSomething VB "Dim doSomething\nIf (IsNull([RANGE_Nilai])) Then\n    doSomething = [RANGE_Nilai]\nElse\n        doSomething = Round([RANGE_Nilai],2)\nEnd If"</Process><Process Name="Update Max" ToolSource="c:\program files (x86)\arcgis\desktop10.4\ArcToolbox\Toolboxes\Data Management Tools.tbx\CalculateField" Date="20221009" Time="062452">CalculateField Zona_Layer MAX_ doSomething VB "Dim doSomething\nIf (IsNull([MAX_Nilai])) Then\n    doSomething = [MAX_Nilai]\nElse\n        doSomething = Round([MAX_Nilai],2)\nEnd If"</Process><Process Name="Update Jumlah Sampel" ToolSource="c:\program files (x86)\arcgis\desktop10.4\ArcToolbox\Toolboxes\Data Management Tools.tbx\CalculateField" Date="20221009" Time="062452">CalculateField Zona_Layer COUNT_ doSomething VB "Dim doSomething\nIf (IsNull([COUNT_Nilai])) Then\n    doSomething = [COUNT_Nilai]\nElse\n        doSomething = Round([COUNT_Nilai],2)\nEnd If"</Process><Process Name="Update STDDEV" ToolSource="c:\program files (x86)\arcgis\desktop10.4\ArcToolbox\Toolboxes\Data Management Tools.tbx\CalculateField" Date="20221009" Time="062453">CalculateField Zona_Layer STDDEV doSomething VB "Dim doSomething\nIf (IsNull([STD_Nilai])) Then\n    doSomething = [STD_Nilai]\nElse\n        doSomething = Round([STD_Nilai],2)\nEnd If"</Process><Process Name="Update Mean" ToolSource="c:\program files (x86)\arcgis\desktop10.4\ArcToolbox\Toolboxes\Data Management Tools.tbx\CalculateField" Date="20221009" Time="062453">CalculateField Zona_Layer MEAN doSomething VB "Dim doSomething\nIf (IsNull([MEAN_Nilai])) Then\n    doSomething = [MEAN_Nilai]\nElse\n        doSomething = Round([MEAN_Nilai],2)\nEnd If"</Process><Process Name="Update Min" ToolSource="c:\program files (x86)\arcgis\desktop10.4\ArcToolbox\Toolboxes\Data Management Tools.tbx\CalculateField" Date="20221009" Time="062454">CalculateField Zona_Layer MIN_ doSomething VB "Dim doSomething\nIf (IsNull([MIN_Nilai])) Then\n    doSomething = [MIN_Nilai]\nElse\n        doSomething = Round([MIN_Nilai],2)\nEnd If"</Process><Process Name="Update Summary" ToolSource="c:\program files (x86)\arcgis\desktop10.4\ArcToolbox\Toolboxes\Data Management Tools.tbx\CalculateField" Date="20221009" Time="062455">CalculateField Zona_Layer SUM_ doSomething VB "Dim doSomething\nIf (IsNull([SUM_Nilai])) Then\n    doSomething = [SUM_Nilai]\nElse\n        doSomething = Round([SUM_Nilai],2)\nEnd If"</Process><Process Name="Update PSTDDEV" ToolSource="c:\program files (x86)\arcgis\desktop10.4\ArcToolbox\Toolboxes\Data Management Tools.tbx\CalculateField" Date="20221009" Time="062455">CalculateField Zona_Layer PSTDDEV doSomething VB "Dim doSomething\nIf (IsNull([STDDEV]) or IsNull([MEAN])) Then\n    doSomething = [STDDEV] / [MEAN] *100\nElse\n        doSomething = Round([STDDEV] / [MEAN] *100,2)\nEnd If"</Process><Process Name="Hapus Variabel Field" ToolSource="c:\program files (x86)\arcgis\desktop10.4\ArcToolbox\Toolboxes\Data Management Tools.tbx\DeleteField" Date="20221009" Time="062458">DeleteField Zona_Layer SUM_Nilai;MEAN_Nilai;MIN_Nilai;MAX_Nilai;STD_Nilai;COUNT_Nilai;RANGE_Nilai</Process><Process Name="Calculate Field (3)" ToolSource="c:\program files (x86)\arcgis\desktop10.4\ArcToolbox\Toolboxes\Data Management Tools.tbx\CalculateField" Date="20221009" Time="062459">CalculateField Zona_Layer NOZONE [OBJECTID] VB #</Process><Process Name="Hitung Nilai Baru Data Outlier" ToolSource="c:\program files (x86)\arcgis\desktop10.4\ArcToolbox\Toolboxes\Data Management Tools.tbx\CalculateField" Date="20221009" Time="062459">CalculateField Zona_Layer NILAI_BARU [MEAN] VB #</Process><Process Name="Hitung RPBulat" ToolSource="c:\program files (x86)\arcgis\desktop10.4\ArcToolbox\Toolboxes\Data Management Tools.tbx\CalculateField" Date="20221009" Time="062500">CalculateField Zona_Layer RPBULAT Bulet VB "Dim Bulet\nIf (IsNull([MEAN])) Then\n    Bulet = ""\nElse\n    Bulet = Round([MEAN] / 1000,0) * 1000\n    Bulet = "Rp. " &amp; FormatNumber(Bulet,0,,,-1)\nEnd If"</Process><Process Name="Calculate Field" ToolSource="c:\program files (x86)\arcgis\desktop10.4\ArcToolbox\Toolboxes\Data Management Tools.tbx\CalculateField" Date="20221009" Time="062620">CalculateField Zona_Layer RPBULAT Bulet VB "Dim Bulet\nIf (IsNull([MEAN])) Then\n    Bulet = ""\nElse\n    Bulet = Round([MEAN] / 1000,0) * 1000\n    Bulet = "Rp. " &amp; FormatNumber(Bulet,0,,,-1)\nEnd If"</Process></lineage><itemProps><itemName Sync="TRUE">ZNT_2022_WOLOAN_DUA</itemName><imsContentType Sync="TRUE">002</imsContentType><itemLocation><linkage Sync="TRUE">file://\\LAPTOP-TN41U3E8\C$\Users\Asus\Documents\IPPT\FORMAT\SHP\Shapefile\ZNT_2022_WOLOAN_DUA.shp</linkage><protocol Sync="TRUE">Local Area Network</protocol></itemLocation><itemSize Sync="TRUE">0.000</itemSize></itemProps><coordRef><type Sync="TRUE">Projected</type><geogcsn Sync="TRUE">GCS_WGS_1984</geogcsn><csUnits Sync="TRUE">Linear Unit: Meter (1.000000)</csUnits><projcsn Sync="TRUE">TM3_Zone_48-2S</projcsn><peXml Sync="TRUE">&lt;ProjectedCoordinateSystem xsi:type='typens:ProjectedCoordinateSystem' xmlns:xsi='http://www.w3.org/2001/XMLSchema-instance' xmlns:xs='http://www.w3.org/2001/XMLSchema' xmlns:typens='http://www.esri.com/schemas/ArcGIS/10.4'&gt;&lt;WKT&gt;PROJCS[&amp;quot;TM3_Zone_48-2S&amp;quot;,GEOGCS[&amp;quot;GCS_WGS_1984&amp;quot;,DATUM[&amp;quot;D_WGS_1984&amp;quot;,SPHEROID[&amp;quot;WGS_1984&amp;quot;,6378137.0,298.257223563]],PRIMEM[&amp;quot;Greenwich&amp;quot;,0.0],UNIT[&amp;quot;Degree&amp;quot;,0.0174532925199433]],PROJECTION[&amp;quot;Transverse_Mercator&amp;quot;],PARAMETER[&amp;quot;false_easting&amp;quot;,200000.0],PARAMETER[&amp;quot;false_northing&amp;quot;,1500000.0],PARAMETER[&amp;quot;central_meridian&amp;quot;,124.5],PARAMETER[&amp;quot;scale_factor&amp;quot;,0.9999],PARAMETER[&amp;quot;latitude_of_origin&amp;quot;,0.0],UNIT[&amp;quot;Meter&amp;quot;,1.0]]&lt;/WKT&gt;&lt;XOrigin&gt;-5422600&lt;/XOrigin&gt;&lt;YOrigin&gt;-8501100&lt;/YOrigin&gt;&lt;XYScale&gt;450310428.58990461&lt;/XYScale&gt;&lt;ZOrigin&gt;-100000&lt;/ZOrigin&gt;&lt;ZScale&gt;10000&lt;/ZScale&gt;&lt;MOrigin&gt;-100000&lt;/MOrigin&gt;&lt;MScale&gt;10000&lt;/MScale&gt;&lt;XYTolerance&gt;0.001&lt;/XYTolerance&gt;&lt;ZTolerance&gt;0.001&lt;/ZTolerance&gt;&lt;MTolerance&gt;0.001&lt;/MTolerance&gt;&lt;HighPrecision&gt;true&lt;/HighPrecision&gt;&lt;/ProjectedCoordinateSystem&gt;</peXml></coordRef></DataProperties><ArcGISFormat>1.0</ArcGISFormat></Esri><idinfo><native Sync="TRUE">Microsoft Windows XP Version 5.1 (Build 2600) Service Pack 3; ESRI ArcCatalog 9.3.0.1770</native><descript><langdata Sync="TRUE">en</langdata><abstract>REQUIRED: A brief narrative summary of the data set.</abstract><purpose>REQUIRED: A summary of the intentions with which the data set was developed.</purpose></descript><citation><citeinfo><origin>REQUIRED: The name of an organization or individual that developed the data set.</origin><pubdate>REQUIRED: The date when the data set is published or otherwise made available for release.</pubdate><title Sync="TRUE">Zona_fixed</title><ftname Sync="TRUE">Zona_fixed</ftname><geoform Sync="TRUE">vector digital data</geoform><onlink Sync="TRUE">\\GATT-FC2BF76FD9\E$\PROJECT 2011\SPT\Data Sulawesi Utara\Zona_tomohon\Zona_fixed.shp</onlink></citeinfo></citation><timeperd><current>REQUIRED: The basis on which the time period of content information is determined.</current><timeinfo><sngdate><caldate>REQUIRED: The year (and optionally month, or month and day) for which the data set corresponds to the ground.</caldate></sngdate></timeinfo></timeperd><status><progress>REQUIRED: The state of the data set.</progress><update>REQUIRED: The frequency with which changes and additions are made to the data set after the initial data set is completed.</update></status><spdom><bounding><westbc Sync="TRUE">REQUIRED: Western-most coordinate of the limit of coverage expressed in longitude.</westbc><eastbc Sync="TRUE">REQUIRED: Eastern-most coordinate of the limit of coverage expressed in longitude.</eastbc><northbc Sync="TRUE">REQUIRED: Northern-most coordinate of the limit of coverage expressed in latitude.</northbc><southbc Sync="TRUE">REQUIRED: Southern-most coordinate of the limit of coverage expressed in latitude.</southbc></bounding></spdom><keywords><theme><themekt>REQUIRED: Reference to a formally registered thesaurus or a similar authoritative source of theme keywords.</themekt><themekey>REQUIRED: Common-use word or phrase used to describe the subject of the data set.</themekey></theme></keywords><accconst>REQUIRED: Restrictions and legal prerequisites for accessing the data set.</accconst><useconst>REQUIRED: Restrictions and legal prerequisites for using the data set after access is granted.</useconst><natvform Sync="TRUE">Shapefile</natvform></idinfo><dataIdInfo><envirDesc Sync="TRUE"> Version 6.2 (Build 9200) ; Esri ArcGIS 10.4.1.5686</envirDesc><dataLang><languageCode Sync="TRUE" value="eng" country="IDN"></languageCode><countryCode value="USA" Sync="TRUE"></countryCode></dataLang><idCitation><resTitle Sync="TRUE">ZNT_2022_WOLOAN_DUA</resTitle><presForm><PresFormCd Sync="TRUE" value="005"></PresFormCd></presForm></idCitation><spatRpType><SpatRepTypCd Sync="TRUE" value="001"></SpatRepTypCd></spatRpType><descKeys><thesaName uuidref="723f6998-058e-11dc-8314-0800200c9a66"></thesaName><keyword Sync="TRUE">002</keyword></descKeys></dataIdInfo><metainfo><langmeta Sync="TRUE">en</langmeta><metstdn Sync="TRUE">FGDC Content Standards for Digital Geospatial Metadata</metstdn><metstdv Sync="TRUE">FGDC-STD-001-1998</metstdv><mettc Sync="TRUE">local time</mettc><metc><cntinfo><cntorgp><cntper>REQUIRED: The person responsible for the metadata information.</cntper><cntorg>REQUIRED: The organization responsible for the metadata information.</cntorg></cntorgp><cntaddr><addrtype>REQUIRED: The mailing and/or physical address for the organization or individual.</addrtype><city>REQUIRED: The city of the address.</city><state>REQUIRED: The state or province of the address.</state><postal>REQUIRED: The ZIP or other postal code of the address.</postal></cntaddr><cntvoice>REQUIRED: The telephone number by which individuals can speak to the organization or individual.</cntvoice></cntinfo></metc><metd Sync="TRUE">20110816</metd></metainfo><mdLang><languageCode Sync="TRUE" value="eng"></languageCode><countryCode value="USA" Sync="TRUE"></countryCode></mdLang><mdStanName Sync="TRUE">ISO 19115 Geographic Information - Metadata</mdStanName><mdStanVer Sync="TRUE">DIS_ESRI1.0</mdStanVer><mdChar><CharSetCd Sync="TRUE" value="004"></CharSetCd></mdChar><mdHrLv><ScopeCd Sync="TRUE" value="005"></ScopeCd></mdHrLv><mdHrLvName Sync="TRUE">dataset</mdHrLvName><distinfo><resdesc Sync="TRUE">Downloadable Data</resdesc><stdorder><digform><digtinfo><transize Sync="TRUE">0.000</transize><dssize Sync="TRUE">0.000</dssize></digtinfo></digform></stdorder></distinfo><distInfo><distributor><distorTran><onLineSrc><orDesc Sync="TRUE">002</orDesc><linkage Sync="TRUE">file://\\GATT-FC2BF76FD9\E$\PROJECT 2011\SPT\Data Sulawesi Utara\Zona_tomohon\Zona_fixed.shp</linkage><protocol Sync="TRUE">Local Area Network</protocol></onLineSrc><transSize Sync="TRUE">0.000</transSize></distorTran><distorFormat><formatName Sync="TRUE">Shapefile</formatName></distorFormat></distributor><distFormat><formatName Sync="TRUE">Shapefile</formatName></distFormat><distTranOps><transSize Sync="TRUE">0.000</transSize></distTranOps></distInfo><spdoinfo><direct Sync="TRUE">Vector</direct><ptvctinf><esriterm Name="ZNT_2022_WOLOAN_DUA"><efeatyp Sync="TRUE">Simple</efeatyp><efeageom code="4" Sync="TRUE"></efeageom><esritopo Sync="TRUE">FALSE</esritopo><efeacnt Sync="TRUE">0</efeacnt><spindex Sync="TRUE">FALSE</spindex><linrefer Sync="TRUE">TRUE</linrefer></esriterm></ptvctinf></spdoinfo><spatRepInfo><VectSpatRep><geometObjs Name="ZNT_2022_WOLOAN_DUA"><geoObjTyp><GeoObjTypCd value="002" Sync="TRUE"></GeoObjTypCd></geoObjTyp><geoObjCnt Sync="TRUE">0</geoObjCnt></geometObjs><topLvl><TopoLevCd value="001" Sync="TRUE"></TopoLevCd></topLvl></VectSpatRep></spatRepInfo><eainfo><detailed Name="ZNT_2022_WOLOAN_DUA"><enttyp><enttypl Sync="TRUE">ZNT_2022_WOLOAN_DUA</enttypl><enttypt Sync="TRUE">Feature Class</enttypt><enttypc Sync="TRUE">0</enttypc></enttyp><attr><attrlabl Sync="TRUE">FID</attrlabl><attalias Sync="TRUE">FID</attalias><attrtype Sync="TRUE">OID</attrtype><attwidth Sync="TRUE">4</attwidth><atprecis Sync="TRUE">0</atprecis><attscale Sync="TRUE">0</attscale><attrdef Sync="TRUE">Internal feature number.</attrdef><attrdefs Sync="TRUE">Esri</attrdefs><attrdomv><udom Sync="TRUE">Sequential unique whole numbers that are automatically generated.</udom></attrdomv></attr><attr><attrlabl Sync="TRUE">OBJECTID</attrlabl><attalias Sync="TRUE">OBJECTID</attalias><attrtype Sync="TRUE">Integer</attrtype><attwidth Sync="TRUE">10</attwidth><atprecis Sync="TRUE">10</atprecis><attscale Sync="TRUE">0</attscale><attrdef Sync="TRUE">Internal feature number.</attrdef><attrdefs Sync="TRUE">ESRI</attrdefs><attrdomv><udom Sync="TRUE">Sequential unique whole numbers that are automatically generated.</udom></attrdomv></attr><attr><attrlabl Sync="TRUE">Shape</attrlabl><attalias Sync="TRUE">Shape</attalias><attrtype Sync="TRUE">Geometry</attrtype><attwidth Sync="TRUE">0</attwidth><atprecis Sync="TRUE">0</atprecis><attscale Sync="TRUE">0</attscale><attrdef Sync="TRUE">Feature geometry.</attrdef><attrdefs Sync="TRUE">ESRI</attrdefs><attrdomv><udom Sync="TRUE">Coordinates defining the features.</udom></attrdomv></attr><attr><attrlabl Sync="TRUE">Id</attrlabl><attalias Sync="TRUE">ID</attalias><attrtype Sync="TRUE">Integer</attrtype><attwidth Sync="TRUE">10</attwidth><atprecis Sync="TRUE">10</atprecis><attscale Sync="TRUE">0</attscale></attr><attr><attrlabl Sync="TRUE">NOZONE</attrlabl><attalias Sync="TRUE">NOZONE</attalias><attrtype Sync="TRUE">String</attrtype><attwidth Sync="TRUE">6</attwidth><atprecis Sync="TRUE">0</atprecis><attscale Sync="TRUE">0</attscale></attr><attr><attrlabl Sync="TRUE">COUNT_</attrlabl><attalias Sync="TRUE">COUNT_</attalias><attrtype Sync="TRUE">Double</attrtype><attwidth Sync="TRUE">19</attwidth><atprecis Sync="TRUE">0</atprecis><attscale Sync="TRUE">0</attscale></attr><attr><attrlabl Sync="TRUE">SUM_</attrlabl><attalias Sync="TRUE">SUM_</attalias><attrtype Sync="TRUE">Double</attrtype><attwidth Sync="TRUE">19</attwidth><atprecis Sync="TRUE">0</atprecis><attscale Sync="TRUE">0</attscale></attr><attr><attrlabl Sync="TRUE">MEAN</attrlabl><attalias Sync="TRUE">MEAN</attalias><attrtype Sync="TRUE">Double</attrtype><attwidth Sync="TRUE">19</attwidth><atprecis Sync="TRUE">0</atprecis><attscale Sync="TRUE">0</attscale></attr><attr><attrlabl Sync="TRUE">MAX_</attrlabl><attalias Sync="TRUE">MAX_</attalias><attrtype Sync="TRUE">Double</attrtype><attwidth Sync="TRUE">19</attwidth><atprecis Sync="TRUE">0</atprecis><attscale Sync="TRUE">0</attscale></attr><attr><attrlabl Sync="TRUE">MIN_</attrlabl><attalias Sync="TRUE">MIN_</attalias><attrtype Sync="TRUE">Double</attrtype><attwidth Sync="TRUE">19</attwidth><atprecis Sync="TRUE">0</atprecis><attscale Sync="TRUE">0</attscale></attr><attr><attrlabl Sync="TRUE">RANGE</attrlabl><attalias Sync="TRUE">RANGE</attalias><attrtype Sync="TRUE">Double</attrtype><attwidth Sync="TRUE">19</attwidth><atprecis Sync="TRUE">0</atprecis><attscale Sync="TRUE">0</attscale></attr><attr><attrlabl Sync="TRUE">VARIANCE</attrlabl><attalias Sync="TRUE">VARIANCE</attalias><attrtype Sync="TRUE">Double</attrtype><attwidth Sync="TRUE">19</attwidth><atprecis Sync="TRUE">0</atprecis><attscale Sync="TRUE">0</attscale></attr><attr><attrlabl Sync="TRUE">STDDEV</attrlabl><attalias Sync="TRUE">STDDEV</attalias><attrtype Sync="TRUE">Double</attrtype><attwidth Sync="TRUE">19</attwidth><atprecis Sync="TRUE">0</atprecis><attscale Sync="TRUE">0</attscale></attr><attr><attrlabl Sync="TRUE">PSTDDEV</attrlabl><attalias Sync="TRUE">PSTDDEV</attalias><attrtype Sync="TRUE">Double</attrtype><attwidth Sync="TRUE">19</attwidth><atprecis Sync="TRUE">0</atprecis><attscale Sync="TRUE">0</attscale></attr><attr><attrlabl Sync="TRUE">RPBULAT</attrlabl><attalias Sync="TRUE">RPBULAT</attalias><attrtype Sync="TRUE">String</attrtype><attwidth Sync="TRUE">16</attwidth><atprecis Sync="TRUE">0</atprecis><attscale Sync="TRUE">0</attscale></attr><attr><attrlabl Sync="TRUE">JENIS_ZONA</attrlabl><attalias Sync="TRUE">JENIS_ZONA</attalias><attrtype Sync="TRUE">Integer</attrtype><attwidth Sync="TRUE">10</attwidth><atprecis Sync="TRUE">10</atprecis><attscale Sync="TRUE">0</attscale></attr><attr><attrlabl Sync="TRUE">Shape_Leng</attrlabl><attalias Sync="TRUE">Shape_Leng</attalias><attrtype Sync="TRUE">Double</attrtype><attwidth Sync="TRUE">19</attwidth><atprecis Sync="TRUE">0</atprecis><attscale Sync="TRUE">0</attscale></attr><attr><attrlabl Sync="TRUE">Shape_Area</attrlabl><attalias Sync="TRUE">Shape_Area</attalias><attrtype Sync="TRUE">Double</attrtype><attwidth Sync="TRUE">19</attwidth><atprecis Sync="TRUE">0</atprecis><attscale Sync="TRUE">0</attscale><attrdef Sync="TRUE">Area of feature in internal units squared.</attrdef><attrdefs Sync="TRUE">ESRI</attrdefs><attrdomv><udom Sync="TRUE">Positive real numbers that are automatically generated.</udom></attrdomv></attr><attr><attrlabl Sync="TRUE">MEAN_LAMA</attrlabl><attalias Sync="TRUE">MEAN_LAMA</attalias><attrtype Sync="TRUE">Double</attrtype><attwidth Sync="TRUE">19</attwidth><atprecis Sync="TRUE">0</atprecis><attscale Sync="TRUE">0</attscale></attr><attr><attrlabl Sync="TRUE">NILAI_BARU</attrlabl><attalias Sync="TRUE">NILAI_BARU</attalias><attrtype Sync="TRUE">Double</attrtype><attwidth Sync="TRUE">19</attwidth><atprecis Sync="TRUE">0</atprecis><attscale Sync="TRUE">0</attscale></attr></detailed></eainfo><mdDateSt Sync="TRUE">20241014</mdDateSt><refSysInfo><RefSystem><refSysID><identCode code="0" Sync="TRUE"></identCode></refSysID></RefSystem></refSysInfo></metadata>
